{
  "timestamp": "2025-10-25T14:51:20.180481",
  "shape": [
    1500,
    13
  ],
  "columns": [
    "Time",
    "X",
    "Y",
    "LosXF",
    "LosYF",
    "u",
    "v",
    "r",
    "psi",
    "Tp",
    "Ts",
    "Lateral_Error",
    "Heading_Error"
  ],
  "time_range": {
    "start": 0.0,
    "end": 164.03457072003684,
    "duration": 164.03457072003684
  },
  "statistics": {
    "Time": {
      "mean": 82.0172853600184,
      "std": 47.40008344053382,
      "min": 0.0,
      "max": 164.03457072003684
    },
    "X": {
      "mean": 25.565019560167574,
      "std": 14.488168222415013,
      "min": -9.221630943,
      "max": 59.19703538654744
    },
    "Y": {
      "mean": 52.66174431369963,
      "std": 39.35774949292109,
      "min": 1.1051758196633723,
      "max": 116.55476603608005
    },
    "LosXF": {
      "mean": 0.6470208145920006,
      "std": 16.81876850592925,
      "min": -25.3286077,
      "max": 25.23488506
    },
    "LosYF": {
      "mean": 52.18888094456666,
      "std": 34.5877312126448,
      "min": 2.686178042,
      "max": 116.1318518
    },
    "u": {
      "mean": 0.9736213221328912,
      "std": 0.03619313167301632,
      "min": 0.5013454648708919,
      "max": 1.041943885068388
    },
    "v": {
      "mean": -4.667068512994388e-05,
      "std": 0.002196995693149641,
      "min": -0.013545560328691109,
      "max": 0.009150195809428682
    },
    "r": {
      "mean": 0.01203045941155797,
      "std": 0.04768020272058092,
      "min": -0.1798892829750227,
      "max": 0.25537664807666843
    },
    "psi": {
      "mean": 0.9658472258241859,
      "std": 0.6618752992022321,
      "min": -1.4581024752835245,
      "max": 1.7841853163630574
    },
    "Tp": {
      "mean": 211.72666666666666,
      "std": 84.52883948901192,
      "min": -222.0,
      "max": 354.0
    },
    "Ts": {
      "mean": 192.43733333333333,
      "std": 39.02365056079385,
      "min": 10.0,
      "max": 500.0
    },
    "Lateral_Error": {
      "mean": 24.917998745575577,
      "std": 25.43221846750139,
      "min": -1.3006526943951622,
      "max": 70.81702202216363
    },
    "Heading_Error": {
      "mean": 0.4728633691329663,
      "std": 6.119455169139449,
      "min": -6.675861856603994,
      "max": 11.157582995052493
    }
  }
}