{
  "timestamp": "2025-09-06T09:25:28.199496",
  "shape": [
    1500,
    13
  ],
  "columns": [
    "Time",
    "X",
    "Y",
    "LosXF",
    "LosYF",
    "u",
    "v",
    "r",
    "psi",
    "Tp",
    "Ts",
    "Lateral_Error",
    "Heading_Error"
  ],
  "time_range": {
    "start": 0.0,
    "end": 164.03457072003684,
    "duration": 164.03457072003684
  },
  "statistics": {
    "Time": {
      "mean": 82.0172853600184,
      "std": 47.40008344053382,
      "min": 0.0,
      "max": 164.03457072003684
    },
    "X": {
      "mean": 49.285814975601056,
      "std": 31.350170458220596,
      "min": -9.22163094254211,
      "max": 107.6292963665614
    },
    "Y": {
      "mean": 33.13681220994154,
      "std": 30.15550394223466,
      "min": -2.0346122843108874,
      "max": 83.45892344669382
    },
    "LosXF": {
      "mean": 0.6470208146798735,
      "std": 16.818768505706004,
      "min": -25.3286076965742,
      "max": 25.2348850583658
    },
    "LosYF": {
      "mean": 52.1888809452802,
      "std": 34.58773121369535,
      "min": 2.68617804162204,
      "max": 116.131851773709
    },
    "u": {
      "mean": 0.9736679064416446,
      "std": 0.03722706970802272,
      "min": 0.5013454630605167,
      "max": 1.0422940162795162
    },
    "v": {
      "mean": 4.874364322192667e-05,
      "std": 0.0030198514579643358,
      "min": -0.014911385576302866,
      "max": 0.020037788163340065
    },
    "r": {
      "mean": 0.0120946682581823,
      "std": 0.040775496673726375,
      "min": -0.17988928311939353,
      "max": 0.2462268133092978
    },
    "psi": {
      "mean": 0.5497079343541302,
      "std": 0.525948225892318,
      "min": -1.464658901801331,
      "max": 1.1535395476450665
    },
    "Tp": {
      "mean": 211.72666666666666,
      "std": 84.52883948901192,
      "min": -222.0,
      "max": 354.0
    },
    "Ts": {
      "mean": 192.43733333333333,
      "std": 39.02365056079385,
      "min": 10.0,
      "max": 500.0
    },
    "Lateral_Error": {
      "mean": 48.638794160921194,
      "std": 43.63891482605364,
      "min": -1.4497249246635722,
      "max": 119.25108702364777
    },
    "Heading_Error": {
      "mean": -19.052068735338654,
      "std": 7.630087424221306,
      "min": -32.672928327015185,
      "max": 0.0
    }
  }
}