{
  "timestamp": "2025-09-06T09:25:44.884162",
  "shape": [
    1500,
    13
  ],
  "columns": [
    "Time",
    "X",
    "Y",
    "LosXF",
    "LosYF",
    "u",
    "v",
    "r",
    "psi",
    "Tp",
    "Ts",
    "Lateral_Error",
    "Heading_Error"
  ],
  "time_range": {
    "start": 0.0,
    "end": 164.03457072003684,
    "duration": 164.03457072003684
  },
  "statistics": {
    "Time": {
      "mean": 82.0172853600184,
      "std": 47.40008344053382,
      "min": 0.0,
      "max": 164.03457072003684
    },
    "X": {
      "mean": 25.565186585319402,
      "std": 14.488258005024228,
      "min": -9.22163094254211,
      "max": 59.19734065778755
    },
    "Y": {
      "mean": 52.661650021512564,
      "std": 39.3577238555504,
      "min": 1.1051654622494285,
      "max": 116.55464170057297
    },
    "LosXF": {
      "mean": 0.6470208146798735,
      "std": 16.818768505706004,
      "min": -25.3286076965742,
      "max": 25.2348850583658
    },
    "LosYF": {
      "mean": 52.1888809452802,
      "std": 34.58773121369535,
      "min": 2.68617804162204,
      "max": 116.131851773709
    },
    "u": {
      "mean": 0.9736213065429287,
      "std": 0.03619314220914726,
      "min": 0.5013454630605167,
      "max": 1.0419439068115688
    },
    "v": {
      "mean": -4.667288730152512e-05,
      "std": 0.0021970427082042155,
      "min": -0.013545565219804106,
      "max": 0.009150859678440081
    },
    "r": {
      "mean": 0.012030461956734094,
      "std": 0.047680116438013224,
      "min": -0.17988928311939353,
      "max": 0.2553753986226755
    },
    "psi": {
      "mean": 0.9658448678215291,
      "std": 0.6618744791409088,
      "min": -1.4581022479563694,
      "max": 1.784181924073093
    },
    "Tp": {
      "mean": 211.72666666666666,
      "std": 84.52883948901192,
      "min": -222.0,
      "max": 354.0
    },
    "Ts": {
      "mean": 192.43733333333333,
      "std": 39.02365056079385,
      "min": 10.0,
      "max": 500.0
    },
    "Lateral_Error": {
      "mean": 24.91816577063953,
      "std": 25.432323110332277,
      "min": -1.300645490574297,
      "max": 70.8173274411056
    },
    "Heading_Error": {
      "mean": 0.4727690762323776,
      "std": 6.119443787308437,
      "min": -6.675981352604332,
      "max": 11.157470137198828
    }
  }
}