{
  "timestamp": "2025-10-25T14:49:30.482203",
  "shape": [
    1500,
    13
  ],
  "columns": [
    "Time",
    "X",
    "Y",
    "LosXF",
    "LosYF",
    "u",
    "v",
    "r",
    "psi",
    "Tp",
    "Ts",
    "Lateral_Error",
    "Heading_Error"
  ],
  "time_range": {
    "start": 0.0,
    "end": 164.03457072003684,
    "duration": 164.03457072003684
  },
  "statistics": {
    "Time": {
      "mean": 82.0172853600184,
      "std": 47.40008344053382,
      "min": 0.0,
      "max": 164.03457072003684
    },
    "X": {
      "mean": 49.28574817670431,
      "std": 31.350107243823327,
      "min": -9.221630943,
      "max": 107.62911370924583
    },
    "Y": {
      "mean": 33.13689111139568,
      "std": 30.155562465859383,
      "min": -2.0346015165066382,
      "max": 83.45912831672744
    },
    "LosXF": {
      "mean": 0.6470208145920006,
      "std": 16.81876850592925,
      "min": -25.3286077,
      "max": 25.23488506
    },
    "LosYF": {
      "mean": 52.18888094456666,
      "std": 34.5877312126448,
      "min": 2.686178042,
      "max": 116.1318518
    },
    "u": {
      "mean": 0.9736679448603979,
      "std": 0.037227049156881346,
      "min": 0.5013454648708919,
      "max": 1.0422939964493023
    },
    "v": {
      "mean": 4.875017786281921e-05,
      "std": 0.0030198491240722275,
      "min": -0.014911403806814244,
      "max": 0.020038001304721845
    },
    "r": {
      "mean": 0.012094683241521745,
      "std": 0.040775498392540445,
      "min": -0.1798892829750227,
      "max": 0.24622723968253554
    },
    "psi": {
      "mean": 0.5497097604159977,
      "std": 0.5259488619999415,
      "min": -1.4646588842589647,
      "max": 1.153541924254279
    },
    "Tp": {
      "mean": 211.72666666666666,
      "std": 84.52883948901192,
      "min": -222.0,
      "max": 354.0
    },
    "Ts": {
      "mean": 192.43733333333333,
      "std": 39.02365056079385,
      "min": 10.0,
      "max": 500.0
    },
    "Lateral_Error": {
      "mean": 48.638727362112306,
      "std": 43.6388472694299,
      "min": -1.449723640399279,
      "max": 119.25090522690593
    },
    "Heading_Error": {
      "mean": -19.051989833170996,
      "std": 7.630049492328398,
      "min": -32.67272348327256,
      "max": 0.0
    }
  }
}