{
  "timestamp": "2025-10-25T14:53:10.594839",
  "shape": [
    1500,
    13
  ],
  "columns": [
    "Time",
    "X",
    "Y",
    "LosXF",
    "LosYF",
    "u",
    "v",
    "r",
    "psi",
    "Tp",
    "Ts",
    "Lateral_Error",
    "Heading_Error"
  ],
  "time_range": {
    "start": 0.0,
    "end": 164.03457072003684,
    "duration": 164.03457072003684
  },
  "statistics": {
    "Time": {
      "mean": 82.0172853600184,
      "std": 47.40008344053382,
      "min": 0.0,
      "max": 164.03457072003684
    },
    "X": {
      "mean": 50.28350700251557,
      "std": 32.17384157488972,
      "min": -9.221630943,
      "max": 109.80050496323574
    },
    "Y": {
      "mean": 31.733010802636738,
      "std": 29.366010663751215,
      "min": -2.344924099457788,
      "max": 80.89762669057801
    },
    "LosXF": {
      "mean": 0.6470208145920006,
      "std": 16.81876850592925,
      "min": -25.3286077,
      "max": 25.23488506
    },
    "LosYF": {
      "mean": 52.18888094456666,
      "std": 34.5877312126448,
      "min": 2.686178042,
      "max": 116.1318518
    },
    "u": {
      "mean": 0.9736338499007231,
      "std": 0.03699215081972453,
      "min": 0.5013454648708919,
      "max": 1.04237304394557
    },
    "v": {
      "mean": 5.344918725820354e-05,
      "std": 0.003011956131764548,
      "min": -0.01464717978857103,
      "max": 0.018633066758402195
    },
    "r": {
      "mean": 0.012095507401282103,
      "std": 0.04060307824697619,
      "min": -0.1798892829750227,
      "max": 0.24295804058412
    },
    "psi": {
      "mean": 0.5267835177293588,
      "std": 0.5194299118979602,
      "min": -1.4650285576154143,
      "max": 1.1192764665188486
    },
    "Tp": {
      "mean": 211.72666666666666,
      "std": 84.52883948901192,
      "min": -222.0,
      "max": 354.0
    },
    "Ts": {
      "mean": 192.43733333333333,
      "std": 39.02365056079385,
      "min": 10.0,
      "max": 500.0
    },
    "Lateral_Error": {
      "mean": 49.63648618792357,
      "std": 44.49827015801588,
      "min": -1.46732287832247,
      "max": 121.42231088111467
    },
    "Heading_Error": {
      "mean": -20.455870141929932,
      "std": 8.233360585593534,
      "min": -35.234225109422,
      "max": 0.0
    }
  }
}