{
  "timestamp": "2025-09-06T09:26:00.797955",
  "shape": [
    1500,
    13
  ],
  "columns": [
    "Time",
    "X",
    "Y",
    "LosXF",
    "LosYF",
    "u",
    "v",
    "r",
    "psi",
    "Tp",
    "Ts",
    "Lateral_Error",
    "Heading_Error"
  ],
  "time_range": {
    "start": 0.0,
    "end": 164.03457072003684,
    "duration": 164.03457072003684
  },
  "statistics": {
    "Time": {
      "mean": 82.0172853600184,
      "std": 47.40008344053382,
      "min": 0.0,
      "max": 164.03457072003684
    },
    "X": {
      "mean": 50.283542913462064,
      "std": 32.173879009464486,
      "min": -9.22163094254211,
      "max": 109.8006307375357
    },
    "Y": {
      "mean": 31.732993423727983,
      "std": 29.365975853453147,
      "min": -2.3449127481371823,
      "max": 80.89749413433672
    },
    "LosXF": {
      "mean": 0.6470208146798735,
      "std": 16.818768505706004,
      "min": -25.3286076965742,
      "max": 25.2348850583658
    },
    "LosYF": {
      "mean": 52.1888809452802,
      "std": 34.58773121369535,
      "min": 2.68617804162204,
      "max": 116.131851773709
    },
    "u": {
      "mean": 0.9736338367179858,
      "std": 0.036992152249215045,
      "min": 0.5013454630605167,
      "max": 1.0423730469321935
    },
    "v": {
      "mean": 5.344180673174244e-05,
      "std": 0.0030119502850565016,
      "min": -0.014647116893818214,
      "max": 0.01863288955628987
    },
    "r": {
      "mean": 0.01209548617484325,
      "std": 0.040603096692886725,
      "min": -0.17988928311939353,
      "max": 0.24295757686934452
    },
    "psi": {
      "mean": 0.5267823904976997,
      "std": 0.5194293717751577,
      "min": -1.4650285537264993,
      "max": 1.1192753813474887
    },
    "Tp": {
      "mean": 211.72666666666666,
      "std": 84.52883948901192,
      "min": -222.0,
      "max": 354.0
    },
    "Ts": {
      "mean": 192.43733333333333,
      "std": 39.02365056079385,
      "min": 10.0,
      "max": 500.0
    },
    "Lateral_Error": {
      "mean": 49.636522098782194,
      "std": 44.49831060965875,
      "min": -1.4673236659812394,
      "max": 121.42243541612034
    },
    "Heading_Error": {
      "mean": -20.455887521552214,
      "std": 8.233379555753675,
      "min": -35.23435763937228,
      "max": 0.0
    }
  }
}